Workbook

Sheet Sheet1
A1: Activitati CAEN Rev.2 si elemente componente PIB | B1: Macroregiuni, regiuni de dezvoltare si judete | C1: Ani
C2: Anul 2015 | D2: Anul 2016 | E2: Anul 2017 | F2: Anul 2018 | G2: Anul 2019 | H2: Anul 2020 | I2: Anul 2021 | J2: Anul 2022
C3: UM: Milioane lei
C4: Milioane lei | D4: Milioane lei | E4: Milioane lei | F4: Milioane lei | G4: Milioane lei | H4: Milioane lei | I4: Milioane lei | J4: Milioane lei
A5: Produs intern brut regional (PIBR) - total | B5: Cluj | C5: 31027.9 | D5: 35300.9 | E5: 42764.2 | F5: 47370.4 | G5: 53776.4 | H5: 55902.4 | I5: 61896.6 | J5: 74302.7
A8: POPULATIA OCUPATA CIVILA | B8: Sexe | C8: Macroregiuni, regiuni de dezvoltare si judete | D8: Ani
D9: Anul 2015 | E9: Anul 2016 | F9: Anul 2017 | G9: Anul 2018 | H9: Anul 2019 | I9: Anul 2020 | J9: Anul 2021 | K9: Anul 2022
D10: UM: Mii persoane
D11: Mii persoane | E11: Mii persoane | F11: Mii persoane | G11: Mii persoane | H11: Mii persoane | I11: Mii persoane | J11: Mii persoane | K11: Mii persoane
A12: TOTAL | B12: Total | C12: Cluj | D12: 345.2 | E12: 352.6 | F12: 358.4 | G12: 361.3 | H12: 369 | I12: 368.8 | J12: 346.1 | K12: 357
A15: POPULATIA REZIDENTA
A16: Varste si grupe de varsta | B16: Sexe | C16: Medii de rezidenta | D16: Macroregiuni, regiuni de dezvoltare si judete | E16: Ani
E17: Anul 2015 | F17: Anul 2016 | G17: Anul 2017 | H17: Anul 2018 | I17: Anul 2019 | J17: Anul 2020 | K17: Anul 2021 | L17: Anul 2022
E18: UM: Numar persoane
E19: Numar persoane | F19: Numar persoane | G19: Numar persoane | H19: Numar persoane | I19: Numar persoane | J19: Numar persoane | K19: Numar persoane | L19: Numar persoane
A20: Total | B20: Total | C20: Total | D20: Cluj | E20: 700982 | F20: 701258 | G20: 702780 | H20: 704619 | I20: 706952 | J20: 709872 | K20: 710664 | L20: 683028
A26: Categorii de resurse | B26: Notatie/Formula | C26: Anul 2015 | D26: Anul 2016 | E26: Anul 2017 | F26: Anul 2018 | G26: Anul 2019 | H26: Anul 2020 | I26: Anul 2021 | J26: Anul 2022
K27: U.M.
A28: Produsul intern brut regional - CLUJ | B28: PIBR | C28: 31027.9 | D28: 35300.9 | E28: 42764.2 | F28: 47370.4 | G28: 53776.4 | H28: 55902.4 | I28: 61896.6 | J28: 74302.7 | K28: milioane lei
A29: Populatia ocupata civila | B29: PO | C29: 345.2 | D29: 352.6 | E29: 358.4 | F29: 361.3 | G29: 369 | H29: 368.8 | I29: 346.1 | J29: 357 | K29: mii persoane
A30: Populatia rezidenta | B30: PR | C30: 700982 | D30: 701258 | E30: 702780 | F30: 704619 | G30: 706952 | H30: 709872 | I30: 710664 | J30: 683028 | K30: persoane
A31: PIB per cap de locuitor | B31: PIBR/PR | C31: =C28*1000000/C30 -> 44263.476 | D31: =D28*1000000/D30 -> 50339.39 | E31: =E28*1000000/E30 -> 60850.053 | F31: =F28*1000000/F30 -> 67228.389 | G31: =G28*1000000/G30 -> 76067.965 | H31: =H28*1000000/H30 -> 78749.972 | I31: =I28*1000000/I30 -> 87096.856 | J31: =J28*1000000/J30 -> 108784.27 | K31: lei/locuitor
A32: Productivitatea muncii | B32: PM = PIBR/PO | C32: =C28/C29 -> 89.883835 | D32: =D28/D29 -> 100.116 | E32: =E28/E29 -> 119.31975 | F32: =F28/F29 -> 131.11099 | G32: =G28/G29 -> 145.7355 | H32: =H28/H29 -> 151.57918 | I32: =I28/I29 -> 178.84022 | J32: =J28/J29 -> 208.13081 | K32: mii lei/persoana ocupata
A33: Rata de ocupare a populatiei | B33: RO = PO / PR | C33: =C29*1000/C30 -> 0.49245202 | D33: =D29*1000/D30 -> 0.50281066 | E33: =E29*1000/E30 -> 0.50997467 | F33: =F29*1000/F30 -> 0.51275938 | G33: =G29*1000/G30 -> 0.52195906 | H33: =H29*1000/H30 -> 0.51953028 | I33: =I29*1000/I30 -> 0.48700933 | J33: =J29*1000/J30 -> 0.52267257 | K33: %
A34: Indicele de crestere al PIBR | B34: IPIB = PIB1 / PIB0 *100 | D34: =D28/C28*100 -> 113.77148 | E34: =E28/D28*100 -> 121.14195 | F34: =F28/E28*100 -> 110.77116 | G34: =G28/F28*100 -> 113.52321 | H34: =H28/G28*100 -> 103.95341 | I34: =I28/H28*100 -> 110.72262 | J34: =J28/I28*100 -> 120.04327 | K34: %
A35: Indicele productivitatii muncii | B35: IPM = PM1 / PM0 *100 | D35: =D32/C32*100 -> 111.38376 | E35: =E32/D32*100 -> 119.18151 | F35: =F32/E32*100 -> 109.88205 | G35: =G32/F32*100 -> 111.1543 | H35: =H32/G32*100 -> 104.00978 | I35: =I32/H32*100 -> 117.98469 | J35: =J32/I32*100 -> 116.37808 | K35: %
A36: Indicele preturilor de consum (anul precedent = 100) | B36: IPC | D36: =AVERAGE(IPC!B4:M4) -> 98.4675 | E36: =AVERAGE(IPC!N4:Y4) -> 101.3375 | F36: =AVERAGE(IPC!Z4:AK4) -> 104.635 | G36: =AVERAGE(IPC!AL4:AW4) -> 103.82833 | H36: =AVERAGE(IPC!AX4:BI4) -> 102.6325 | I36: =AVERAGE(IPC!BJ4:BU4) -> 105.04583 | J36: =AVERAGE(IPC!BV4:CG4) -> 113.745 | K36: %
A37: Indicele preturilor de consum (2015 = 100) | B37: IPC15 = IPC15(t-1) * IPC / 100 | C37: 100 | D37: =C37*D36/100 -> 98.4675 | E37: =D37*E36/100 -> 99.784503 | F37: =E37*F36/100 -> 104.40951 | G37: =F37*G36/100 -> 108.40666 | H37: =G37*H36/100 -> 111.26046 | I37: =H37*I36/100 -> 116.87448 | J37: =I37*J36/100 -> 132.93888 | K37: %
A38: PIB per cap de locuitor in preturile anului 2015 | B38: PIBloc / IPC15 * 100 | C38: =C31/C37*100 -> 44263.476 | D38: =D31/D37*100 -> 51122.848 | E38: =E31/E37*100 -> 60981.466 | F38: =F31/F37*100 -> 64389.14 | G38: =G31/G37*100 -> 70169.089 | H38: =H31/H37*100 -> 70779.834 | I38: =I31/I37*100 -> 74521.705 | J38: =J31/J37*100 -> 81830.287 | K38: lei/locuitor
A39: Productivitatea muncii in preturile anului 2015 | B39: PM / IPC15 * 100 | C39: =C32/C37*100 -> 89.883835 | D39: =D32/D37*100 -> 101.67415 | E39: =E32/E37*100 -> 119.57744 | F39: =F32/F37*100 -> 125.57379 | G39: =G32/G37*100 -> 134.43409 | H39: =H32/H37*100 -> 136.23813 | I39: =I32/I37*100 -> 153.01905 | J39: =J32/J37*100 -> 156.56128 | K39: mii lei/persoana ocupata
A40: Indicele real de crestere al PIBR | B40: IPIB real = IPIB / IPC * 100 | D40: =D34/D36*100 -> 115.54216 | E40: =E34/E36*100 -> 119.54307 | F40: =F34/F36*100 -> 105.86435 | G40: =G34/G36*100 -> 109.33741 | H40: =H34/H36*100 -> 101.28703 | I40: =I34/I36*100 -> 105.4041 | J40: =J34/J36*100 -> 105.53718 | K40: %

Sheet IPC
A1: Rezultatele cautarii - Indicii preturilor de consum pe principalele marfuri si servicii - evolutia lunara fata de luna corespunzatoare din anul precedent
A2: Categorii de marfuri si servicii cumparate | B2: Luna ianuarie 2016 | C2: Luna februarie 2016 | D2: Luna martie 2016 | E2: Luna aprilie 2016 | F2: Luna mai 2016 | G2: Luna iunie 2016 | H2: Luna iulie 2016 | I2: Luna august 2016 | J2: Luna septembrie 2016 | K2: Luna octombrie 2016 | L2: Luna noiembrie 2016 | M2: Luna decembrie 2016 | N2: Luna ianuarie 2017 | O2: Luna februarie 2017 | P2: Luna martie 2017 | Q2: Luna aprilie 2017 | R2: Luna mai 2017 | S2: Luna iunie 2017 | T2: Luna iulie 2017 | U2: Luna august 2017 | V2: Luna septembrie 2017 | W2: Luna octombrie 2017 | X2: Luna noiembrie 2017 | Y2: Luna decembrie 2017 | Z2: Luna ianuarie 2018 | AA2: Luna februarie 2018 | AB2: Luna martie 2018 | AC2: Luna aprilie 2018 | AD2: Luna mai 2018 | AE2: Luna iunie 2018 | AF2: Luna iulie 2018 | AG2: Luna august 2018 | AH2: Luna septembrie 2018 | AI2: Luna octombrie 2018 | AJ2: Luna noiembrie 2018 | AK2: Luna decembrie 2018 | AL2: Luna ianuarie 2019 | AM2: Luna februarie 2019 | AN2: Luna martie 2019 | AO2: Luna aprilie 2019 | AP2: Luna mai 2019 | AQ2: Luna iunie 2019 | AR2: Luna iulie 2019 | AS2: Luna august 2019 | AT2: Luna septembrie 2019 | AU2: Luna octombrie 2019 | AV2: Luna noiembrie 2019 | AW2: Luna decembrie 2019 | AX2: Luna ianuarie 2020 | AY2: Luna februarie 2020 | AZ2: Luna martie 2020 | BA2: Luna aprilie 2020 | BB2: Luna mai 2020 | BC2: Luna iunie 2020 | BD2: Luna iulie 2020 | BE2: Luna august 2020 | BF2: Luna septembrie 2020 | BG2: Luna octombrie 2020 | BH2: Luna noiembrie 2020 | BI2: Luna decembrie 2020 | BJ2: Luna ianuarie 2021 | BK2: Luna februarie 2021 | BL2: Luna martie 2021 | BM2: Luna aprilie 2021 | BN2: Luna mai 2021 | BO2: Luna iunie 2021 | BP2: Luna iulie 2021 | BQ2: Luna august 2021 | BR2: Luna septembrie 2021 | BS2: Luna octombrie 2021 | BT2: Luna noiembrie 2021 | BU2: Luna decembrie 2021 | BV2: Luna ianuarie 2022 | BW2: Luna februarie 2022 | BX2: Luna martie 2022 | BY2: Luna aprilie 2022 | BZ2: Luna mai 2022 | CA2: Luna iunie 2022 | CB2: Luna iulie 2022 | CC2: Luna august 2022 | CD2: Luna septembrie 2022 | CE2: Luna octombrie 2022 | CF2: Luna noiembrie 2022 | CG2: Luna decembrie 2022
A3: UM: Procente
A4: TOTAL | B4: 97.87 | C4: 97.32 | D4: 97.02 | E4: 96.75 | F4: 96.54 | G4: 99.3 | H4: 99.22 | I4: 99.8 | J4: 99.43 | K4: 99.57 | L4: 99.33 | M4: 99.46 | N4: 100.05 | O4: 100.2 | P4: 100.18 | Q4: 100.61 | R4: 100.64 | S4: 100.85 | T4: 101.42 | U4: 101.15 | V4: 101.77 | W4: 102.63 | X4: 103.23 | Y4: 103.32 | Z4: 104.32 | AA4: 104.72 | AB4: 104.95 | AC4: 105.22 | AD4: 105.41 | AE4: 105.4 | AF4: 104.56 | AG4: 105.06 | AH4: 105.03 | AI4: 104.25 | AJ4: 103.43 | AK4: 103.27 | AL4: 103.32 | AM4: 103.83 | AN4: 104.03 | AO4: 104.11 | AP4: 104.1 | AQ4: 103.84 | AR4: 104.12 | AS4: 103.89 | AT4: 103.49 | AU4: 103.4 | AV4: 103.77 | AW4: 104.04 | AX4: 103.6 | AY4: 103.05 | AZ4: 103.05 | BA4: 102.68 | BB4: 102.26 | BC4: 102.58 | BD4: 102.8 | BE4: 102.68 | BF4: 102.45 | BG4: 102.24 | BH4: 102.14 | BI4: 102.06 | BJ4: 102.99 | BK4: 103.16 | BL4: 103.05 | BM4: 103.24 | BN4: 103.75 | BO4: 103.94 | BP4: 104.95 | BQ4: 105.25 | BR4: 106.29 | BS4: 107.94 | BT4: 107.8 | BU4: 108.19 | BV4: 108.35 | BW4: 108.53 | BX4: 110.15 | BY4: 113.76 | BZ4: 114.49 | CA4: 115.05 | CB4: 114.96 | CC4: 115.32 | CD4: 115.88 | CE4: 115.32 | CF4: 116.76 | CG4: 116.37
